[
    {
        "ShowIndicator": false,
        "Uid": "55511052246760",
        "ParentUid": null,
        "Bookmark": "55511052246760",
        "DisplayText": "Atlanta",
        "Description": "Atlanta",
        "Code": null,
        "IsActive": true,
        "IsParentActive": false,
        "HasDependentItems": false,
        "HasRelatedItems": false,
        "Item": {
            "WorkLocationUid": "55511052246760",
            "CompanyId": 365439,
            "Name": "Atlanta",
            "StoreId": "Atlanta",
            "VoicePhone": null,
            "FaxPhone": null,
            "Contact": null,
            "PhysicalWorkLocationAddressUid": "122941794630852",
            "PhysicalWorkLocationAddress": {
                "WorkLocationAddressUid": "122941794630852",
                "CompanyId": 365439,
                "Type": "P",
                "City": "Atlanta",
                "State": "GA",
                "Province": "GA",
                "Zip": "303051578",
                "PostalCode": "30305",
                "Country": "USA",
                "Address1": "3525 Piedmont Rd NE",
                "Address2": null,
                "Suite": "# 520",
                "Latitude": "",
                "Longitude": "",
                "IsActive": true,
                "UserId": "mbanks107444",
                "DateModified": "2024-03-05T09:25:29.69",
                "County": "Fulton",
                "Zip_4": null,
                "HRPMailingAddressUid": null,
                "UseRecommendAddress": false,
                "ZipDisplay": "303051578",
                "CityDisplay": "Atlanta, GA"
            },
            "IsMailSameAsPhysical": true,
            "IsSetMailSameAsPhysical": true,
            "MailingWorkLocationAddressUid": "122941794630852",
            "MailingWorkLocationAddress": {
                "WorkLocationAddressUid": "122941794630852",
                "CompanyId": 365439,
                "Type": "M",
                "City": "Atlanta",
                "State": "GA",
                "Province": "GA",
                "Zip": "303051578",
                "PostalCode": "30305",
                "Country": "USA",
                "Address1": "3525 Piedmont Rd NE",
                "Address2": null,
                "Suite": "# 520",
                "Latitude": "",
                "Longitude": "",
                "IsActive": true,
                "UserId": "mbanks107444",
                "DateModified": "2024-03-05T09:25:29.69",
                "County": "Fulton",
                "Zip_4": null,
                "HRPMailingAddressUid": null,
                "UseRecommendAddress": false,
                "ZipDisplay": "303051578",
                "CityDisplay": "Atlanta, GA"
            },
            "TimeZone": null,
            "Number": null,
            "DivisionRegionCode": null,
            "FMLAEligible": true,
            "MinWageJurisdictionUid": "0",
            "Default": false,
            "UserId": "mbanks107444",
            "IsAssignedToOrganization": true,
            "TaxLookupCalled": true,
            "NameCityState": "Atlanta - Atlanta, GA",
            "WorkLocationTaxesNotOnClient": null,
            "HaveTaxesBeenAddedToClient": false
        },
        "Route": "/Perform/Company/WorkLocation/EditWorkLocation?HasWorkOpportunityTaxCredit=True&HasOnboardingNonPayroll=False&HasEmployeeTaxLookup=False&IsMultiClientUser=False&IsReadOnly=False&IsAccessDenied=False",
        "EditRoute": "/Perform/Company/WorkLocation/EditWorkLocation?HasWorkOpportunityTaxCredit=True&HasOnboardingNonPayroll=False&HasEmployeeTaxLookup=False&IsMultiClientUser=False&IsReadOnly=False&IsAccessDenied=False"
    },
    {
        "ShowIndicator": false,
        "Uid": "131068918644280",
        "ParentUid": null,
        "Bookmark": "131068918644280",
        "DisplayText": "Boston",
        "Description": "Boston",
        "Code": null,
        "IsActive": true,
        "IsParentActive": false,
        "HasDependentItems": false,
        "HasRelatedItems": false,
        "Item": {
            "WorkLocationUid": "131068918644280",
            "CompanyId": 365439,
            "Name": "Boston",
            "StoreId": "Boston",
            "VoicePhone": null,
            "FaxPhone": null,
            "Contact": null,
            "PhysicalWorkLocationAddressUid": "155533551403728",
            "PhysicalWorkLocationAddress": {
                "WorkLocationAddressUid": "155533551403728",
                "CompanyId": 365439,
                "Type": "P",
                "City": "Boston",
                "State": "MA",
                "Province": "MA",
                "Zip": "02110",
                "PostalCode": "02110",
                "Country": "USA",
                "Address1": "265 Franklin Street",
                "Address2": null,
                "Suite": "1702",
                "Latitude": "42.35652",
                "Longitude": "-71.05335",
                "IsActive": true,
                "UserId": "mbanks107444",
                "DateModified": "2024-03-05T09:25:29.69",
                "County": "Suffolk",
                "Zip_4": null,
                "HRPMailingAddressUid": null,
                "UseRecommendAddress": false,
                "ZipDisplay": "02110",
                "CityDisplay": "Boston, MA"
            },
            "IsMailSameAsPhysical": true,
            "IsSetMailSameAsPhysical": true,
            "MailingWorkLocationAddressUid": "155533551403728",
            "MailingWorkLocationAddress": {
                "WorkLocationAddressUid": "155533551403728",
                "CompanyId": 365439,
                "Type": "M",
                "City": "Boston",
                "State": "MA",
                "Province": "MA",
                "Zip": "02110",
                "PostalCode": "02110",
                "Country": "USA",
                "Address1": "265 Franklin Street",
                "Address2": null,
                "Suite": "1702",
                "Latitude": "42.35652",
                "Longitude": "-71.05335",
                "IsActive": true,
                "UserId": "mbanks107444",
                "DateModified": "2024-03-05T09:25:29.69",
                "County": "Suffolk",
                "Zip_4": null,
                "HRPMailingAddressUid": null,
                "UseRecommendAddress": false,
                "ZipDisplay": "02110",
                "CityDisplay": "Boston, MA"
            },
            "TimeZone": null,
            "Number": null,
            "DivisionRegionCode": null,
            "FMLAEligible": true,
            "MinWageJurisdictionUid": "0",
            "Default": false,
            "UserId": "mbanks107444",
            "IsAssignedToOrganization": true,
            "TaxLookupCalled": true,
            "NameCityState": "Boston - Boston, MA",
            "WorkLocationTaxesNotOnClient": null,
            "HaveTaxesBeenAddedToClient": false
        },
        "Route": "/Perform/Company/WorkLocation/EditWorkLocation?HasWorkOpportunityTaxCredit=True&HasOnboardingNonPayroll=False&HasEmployeeTaxLookup=False&IsMultiClientUser=False&IsReadOnly=False&IsAccessDenied=False",
        "EditRoute": "/Perform/Company/WorkLocation/EditWorkLocation?HasWorkOpportunityTaxCredit=True&HasOnboardingNonPayroll=False&HasEmployeeTaxLookup=False&IsMultiClientUser=False&IsReadOnly=False&IsAccessDenied=False"
    },
    {
        "ShowIndicator": false,
        "Uid": "136161712795114",
        "ParentUid": null,
        "Bookmark": "136161712795114",
        "DisplayText": "Chicago",
        "Description": "Chicago",
        "Code": null,
        "IsActive": true,
        "IsParentActive": false,
        "HasDependentItems": false,
        "HasRelatedItems": false,
        "Item": {
            "WorkLocationUid": "136161712795114",
            "CompanyId": 365439,
            "Name": "Chicago",
            "StoreId": "Chicago",
            "VoicePhone": null,
            "FaxPhone": null,
            "Contact": null,
            "PhysicalWorkLocationAddressUid": "91244840618922",
            "PhysicalWorkLocationAddress": {
                "WorkLocationAddressUid": "91244840618922",
                "CompanyId": 365439,
                "Type": "P",
                "City": "Chicago",
                "State": "IL",
                "Province": "IL",
                "Zip": "60606",
                "PostalCode": "60606",
                "Country": "USA",
                "Address1": "125 South Wacker Drive",
                "Address2": null,
                "Suite": "1510",
                "Latitude": "41.87957",
                "Longitude": "-87.63646",
                "IsActive": true,
                "UserId": "mbanks107444",
                "DateModified": "2024-03-05T09:25:29.69",
                "County": "Cook",
                "Zip_4": null,
                "HRPMailingAddressUid": null,
                "UseRecommendAddress": false,
                "ZipDisplay": "60606",
                "CityDisplay": "Chicago, IL"
            },
            "IsMailSameAsPhysical": true,
            "IsSetMailSameAsPhysical": true,
            "MailingWorkLocationAddressUid": "91244840618922",
            "MailingWorkLocationAddress": {
                "WorkLocationAddressUid": "91244840618922",
                "CompanyId": 365439,
                "Type": "M",
                "City": "Chicago",
                "State": "IL",
                "Province": "IL",
                "Zip": "60606",
                "PostalCode": "60606",
                "Country": "USA",
                "Address1": "125 South Wacker Drive",
                "Address2": null,
                "Suite": "1510",
                "Latitude": "41.87957",
                "Longitude": "-87.63646",
                "IsActive": true,
                "UserId": "mbanks107444",
                "DateModified": "2024-03-05T09:25:29.69",
                "County": "Cook",
                "Zip_4": null,
                "HRPMailingAddressUid": null,
                "UseRecommendAddress": false,
                "ZipDisplay": "60606",
                "CityDisplay": "Chicago, IL"
            },
            "TimeZone": null,
            "Number": null,
            "DivisionRegionCode": null,
            "FMLAEligible": true,
            "MinWageJurisdictionUid": "273592391431297",
            "Default": false,
            "UserId": "mbanks107444",
            "IsAssignedToOrganization": true,
            "TaxLookupCalled": true,
            "NameCityState": "Chicago - Chicago, IL",
            "WorkLocationTaxesNotOnClient": null,
            "HaveTaxesBeenAddedToClient": false
        },
        "Route": "/Perform/Company/WorkLocation/EditWorkLocation?HasWorkOpportunityTaxCredit=True&HasOnboardingNonPayroll=False&HasEmployeeTaxLookup=False&IsMultiClientUser=False&IsReadOnly=False&IsAccessDenied=False",
        "EditRoute": "/Perform/Company/WorkLocation/EditWorkLocation?HasWorkOpportunityTaxCredit=True&HasOnboardingNonPayroll=False&HasEmployeeTaxLookup=False&IsMultiClientUser=False&IsReadOnly=False&IsAccessDenied=False"
    },
    {
        "ShowIndicator": false,
        "Uid": "235135789496136",
        "ParentUid": null,
        "Bookmark": "235135789496136",
        "DisplayText": "Cincinnati",
        "Description": "Cincinnati",
        "Code": null,
        "IsActive": true,
        "IsParentActive": false,
        "HasDependentItems": false,
        "HasRelatedItems": false,
        "Item": {
            "WorkLocationUid": "235135789496136",
            "CompanyId": 365439,
            "Name": "Cincinnati",
            "StoreId": "Cincinnati",
            "VoicePhone": null,
            "FaxPhone": null,
            "Contact": null,
            "PhysicalWorkLocationAddressUid": "179523549391823",
            "PhysicalWorkLocationAddress": {
                "WorkLocationAddressUid": "179523549391823",
                "CompanyId": 365439,
                "Type": "P",
                "City": "Cincinnati",
                "State": "OH",
                "Province": "OH",
                "Zip": "45212",
                "PostalCode": "45212",
                "Country": "USA",
                "Address1": "4811 Montgomery Road",
                "Address2": null,
                "Suite": null,
                "Latitude": "39.165",
                "Longitude": "-84.454207",
                "IsActive": true,
                "UserId": "mbanks107444",
                "DateModified": "2024-03-05T09:25:29.69",
                "County": "Hamilton",
                "Zip_4": null,
                "HRPMailingAddressUid": null,
                "UseRecommendAddress": false,
                "ZipDisplay": "45212",
                "CityDisplay": "Cincinnati, OH"
            },
            "IsMailSameAsPhysical": true,
            "IsSetMailSameAsPhysical": true,
            "MailingWorkLocationAddressUid": "179523549391823",
            "MailingWorkLocationAddress": {
                "WorkLocationAddressUid": "179523549391823",
                "CompanyId": 365439,
                "Type": "M",
                "City": "Cincinnati",
                "State": "OH",
                "Province": "OH",
                "Zip": "45212",
                "PostalCode": "45212",
                "Country": "USA",
                "Address1": "4811 Montgomery Road",
                "Address2": null,
                "Suite": null,
                "Latitude": "39.165",
                "Longitude": "-84.454207",
                "IsActive": true,
                "UserId": "mbanks107444",
                "DateModified": "2024-03-05T09:25:29.69",
                "County": "Hamilton",
                "Zip_4": null,
                "HRPMailingAddressUid": null,
                "UseRecommendAddress": false,
                "ZipDisplay": "45212",
                "CityDisplay": "Cincinnati, OH"
            },
            "TimeZone": null,
            "Number": null,
            "DivisionRegionCode": null,
            "FMLAEligible": true,
            "MinWageJurisdictionUid": "0",
            "Default": false,
            "UserId": "mbanks107444",
            "IsAssignedToOrganization": true,
            "TaxLookupCalled": true,
            "NameCityState": "Cincinnati - Cincinnati, OH",
            "WorkLocationTaxesNotOnClient": null,
            "HaveTaxesBeenAddedToClient": false
        },
        "Route": "/Perform/Company/WorkLocation/EditWorkLocation?HasWorkOpportunityTaxCredit=True&HasOnboardingNonPayroll=False&HasEmployeeTaxLookup=False&IsMultiClientUser=False&IsReadOnly=False&IsAccessDenied=False",
        "EditRoute": "/Perform/Company/WorkLocation/EditWorkLocation?HasWorkOpportunityTaxCredit=True&HasOnboardingNonPayroll=False&HasEmployeeTaxLookup=False&IsMultiClientUser=False&IsReadOnly=False&IsAccessDenied=False"
    },
    {
        "ShowIndicator": false,
        "Uid": "242544501649904",
        "ParentUid": null,
        "Bookmark": "242544501649904",
        "DisplayText": "Covington",
        "Description": "Covington",
        "Code": null,
        "IsActive": true,
        "IsParentActive": false,
        "HasDependentItems": false,
        "HasRelatedItems": false,
        "Item": {
            "WorkLocationUid": "242544501649904",
            "CompanyId": 365439,
            "Name": "Covington",
            "StoreId": "Covington",
            "VoicePhone": null,
            "FaxPhone": null,
            "Contact": null,
            "PhysicalWorkLocationAddressUid": "226615497505570",
            "PhysicalWorkLocationAddress": {
                "WorkLocationAddressUid": "226615497505570",
                "CompanyId": 365439,
                "Type": "P",
                "City": "Covington",
                "State": "KY",
                "Province": "KY",
                "Zip": "41011",
                "PostalCode": "41011",
                "Country": "USA",
                "Address1": "502 Scott St",
                "Address2": null,
                "Suite": null,
                "Latitude": "39.085831",
                "Longitude": "-84.508591",
                "IsActive": true,
                "UserId": "mbanks107444",
                "DateModified": "2024-03-05T09:25:29.69",
                "County": "Kenton",
                "Zip_4": null,
                "HRPMailingAddressUid": null,
                "UseRecommendAddress": false,
                "ZipDisplay": "41011",
                "CityDisplay": "Covington, KY"
            },
            "IsMailSameAsPhysical": true,
            "IsSetMailSameAsPhysical": true,
            "MailingWorkLocationAddressUid": "226615497505570",
            "MailingWorkLocationAddress": {
                "WorkLocationAddressUid": "226615497505570",
                "CompanyId": 365439,
                "Type": "M",
                "City": "Covington",
                "State": "KY",
                "Province": "KY",
                "Zip": "41011",
                "PostalCode": "41011",
                "Country": "USA",
                "Address1": "502 Scott St",
                "Address2": null,
                "Suite": null,
                "Latitude": "39.085831",
                "Longitude": "-84.508591",
                "IsActive": true,
                "UserId": "mbanks107444",
                "DateModified": "2024-03-05T09:25:29.69",
                "County": "Kenton",
                "Zip_4": null,
                "HRPMailingAddressUid": null,
                "UseRecommendAddress": false,
                "ZipDisplay": "41011",
                "CityDisplay": "Covington, KY"
            },
            "TimeZone": null,
            "Number": null,
            "DivisionRegionCode": null,
            "FMLAEligible": true,
            "MinWageJurisdictionUid": "0",
            "Default": false,
            "UserId": "mbanks107444",
            "IsAssignedToOrganization": true,
            "TaxLookupCalled": true,
            "NameCityState": "Covington - Covington, KY",
            "WorkLocationTaxesNotOnClient": null,
            "HaveTaxesBeenAddedToClient": false
        },
        "Route": "/Perform/Company/WorkLocation/EditWorkLocation?HasWorkOpportunityTaxCredit=True&HasOnboardingNonPayroll=False&HasEmployeeTaxLookup=False&IsMultiClientUser=False&IsReadOnly=False&IsAccessDenied=False",
        "EditRoute": "/Perform/Company/WorkLocation/EditWorkLocation?HasWorkOpportunityTaxCredit=True&HasOnboardingNonPayroll=False&HasEmployeeTaxLookup=False&IsMultiClientUser=False&IsReadOnly=False&IsAccessDenied=False"
    },
    {
        "ShowIndicator": false,
        "Uid": "31134920080083",
        "ParentUid": null,
        "Bookmark": "31134920080083",
        "DisplayText": "Dallas",
        "Description": "Dallas",
        "Code": null,
        "IsActive": true,
        "IsParentActive": false,
        "HasDependentItems": false,
        "HasRelatedItems": false,
        "Item": {
            "WorkLocationUid": "31134920080083",
            "CompanyId": 365439,
            "Name": "Dallas",
            "StoreId": "Dallas",
            "VoicePhone": null,
            "FaxPhone": null,
            "Contact": null,
            "PhysicalWorkLocationAddressUid": "208636457449792",
            "PhysicalWorkLocationAddress": {
                "WorkLocationAddressUid": "208636457449792",
                "CompanyId": 365439,
                "Type": "P",
                "City": "Frisco",
                "State": "TX",
                "Province": "TX",
                "Zip": "750348049",
                "PostalCode": "75034",
                "Country": "USA",
                "Address1": "3001 Dallas Pkwy",
                "Address2": null,
                "Suite": "Ste 800",
                "Latitude": "",
                "Longitude": "",
                "IsActive": true,
                "UserId": "mbanks107444",
                "DateModified": "2024-03-05T09:25:29.69",
                "County": "Collin",
                "Zip_4": null,
                "HRPMailingAddressUid": null,
                "UseRecommendAddress": false,
                "ZipDisplay": "750348049",
                "CityDisplay": "Frisco, TX"
            },
            "IsMailSameAsPhysical": true,
            "IsSetMailSameAsPhysical": true,
            "MailingWorkLocationAddressUid": "208636457449792",
            "MailingWorkLocationAddress": {
                "WorkLocationAddressUid": "208636457449792",
                "CompanyId": 365439,
                "Type": "M",
                "City": "Frisco",
                "State": "TX",
                "Province": "TX",
                "Zip": "750348049",
                "PostalCode": "75034",
                "Country": "USA",
                "Address1": "3001 Dallas Pkwy",
                "Address2": null,
                "Suite": "Ste 800",
                "Latitude": "",
                "Longitude": "",
                "IsActive": true,
                "UserId": "mbanks107444",
                "DateModified": "2024-03-05T09:25:29.69",
                "County": "Collin",
                "Zip_4": null,
                "HRPMailingAddressUid": null,
                "UseRecommendAddress": false,
                "ZipDisplay": "750348049",
                "CityDisplay": "Frisco, TX"
            },
            "TimeZone": null,
            "Number": null,
            "DivisionRegionCode": null,
            "FMLAEligible": true,
            "MinWageJurisdictionUid": "0",
            "Default": false,
            "UserId": "mbanks107444",
            "IsAssignedToOrganization": true,
            "TaxLookupCalled": true,
            "NameCityState": "Dallas - Frisco, TX",
            "WorkLocationTaxesNotOnClient": null,
            "HaveTaxesBeenAddedToClient": false
        },
        "Route": "/Perform/Company/WorkLocation/EditWorkLocation?HasWorkOpportunityTaxCredit=True&HasOnboardingNonPayroll=False&HasEmployeeTaxLookup=False&IsMultiClientUser=False&IsReadOnly=False&IsAccessDenied=False",
        "EditRoute": "/Perform/Company/WorkLocation/EditWorkLocation?HasWorkOpportunityTaxCredit=True&HasOnboardingNonPayroll=False&HasEmployeeTaxLookup=False&IsMultiClientUser=False&IsReadOnly=False&IsAccessDenied=False"
    },
    {
        "ShowIndicator": false,
        "Uid": "245941464600127",
        "ParentUid": null,
        "Bookmark": "245941464600127",
        "DisplayText": "95 - Florence",
        "Description": "Florence",
        "Code": "95",
        "IsActive": true,
        "IsParentActive": false,
        "HasDependentItems": false,
        "HasRelatedItems": false,
        "Item": {
            "WorkLocationUid": "245941464600127",
            "CompanyId": 365439,
            "Name": "Florence",
            "StoreId": "Florence",
            "VoicePhone": null,
            "FaxPhone": null,
            "Contact": null,
            "PhysicalWorkLocationAddressUid": "236417189262531",
            "PhysicalWorkLocationAddress": {
                "WorkLocationAddressUid": "236417189262531",
                "CompanyId": 365439,
                "Type": "P",
                "City": "Florence",
                "State": "KY",
                "Province": "KY",
                "Zip": "41042",
                "PostalCode": "41042",
                "Country": "USA",
                "Address1": "4900 Houston Rd",
                "Address2": null,
                "Suite": null,
                "Latitude": "39.016410",
                "Longitude": "-84.630035",
                "IsActive": true,
                "UserId": "mbanks107444",
                "DateModified": "2024-03-05T09:25:29.69",
                "County": "Boone",
                "Zip_4": null,
                "HRPMailingAddressUid": null,
                "UseRecommendAddress": false,
                "ZipDisplay": "41042",
                "CityDisplay": "Florence, KY"
            },
            "IsMailSameAsPhysical": true,
            "IsSetMailSameAsPhysical": true,
            "MailingWorkLocationAddressUid": "236417189262531",
            "MailingWorkLocationAddress": {
                "WorkLocationAddressUid": "236417189262531",
                "CompanyId": 365439,
                "Type": "M",
                "City": "Florence",
                "State": "KY",
                "Province": "KY",
                "Zip": "41042",
                "PostalCode": "41042",
                "Country": "USA",
                "Address1": "4900 Houston Rd",
                "Address2": null,
                "Suite": null,
                "Latitude": "39.016410",
                "Longitude": "-84.630035",
                "IsActive": true,
                "UserId": "mbanks107444",
                "DateModified": "2024-03-05T09:25:29.69",
                "County": "Boone",
                "Zip_4": null,
                "HRPMailingAddressUid": null,
                "UseRecommendAddress": false,
                "ZipDisplay": "41042",
                "CityDisplay": "Florence, KY"
            },
            "TimeZone": null,
            "Number": "95",
            "DivisionRegionCode": null,
            "FMLAEligible": true,
            "MinWageJurisdictionUid": "0",
            "Default": false,
            "UserId": "mbanks107444",
            "IsAssignedToOrganization": true,
            "TaxLookupCalled": true,
            "NameCityState": "Florence - Florence, KY",
            "WorkLocationTaxesNotOnClient": null,
            "HaveTaxesBeenAddedToClient": false
        },
        "Route": "/Perform/Company/WorkLocation/EditWorkLocation?HasWorkOpportunityTaxCredit=True&HasOnboardingNonPayroll=False&HasEmployeeTaxLookup=False&IsMultiClientUser=False&IsReadOnly=False&IsAccessDenied=False",
        "EditRoute": "/Perform/Company/WorkLocation/EditWorkLocation?HasWorkOpportunityTaxCredit=True&HasOnboardingNonPayroll=False&HasEmployeeTaxLookup=False&IsMultiClientUser=False&IsReadOnly=False&IsAccessDenied=False"
    },
    {
        "ShowIndicator": false,
        "Uid": "101725646146197",
        "ParentUid": null,
        "Bookmark": "101725646146197",
        "DisplayText": "Hershey",
        "Description": "Hershey",
        "Code": null,
        "IsActive": true,
        "IsParentActive": false,
        "HasDependentItems": false,
        "HasRelatedItems": false,
        "Item": {
            "WorkLocationUid": "101725646146197",
            "CompanyId": 365439,
            "Name": "Hershey",
            "StoreId": "Hershey",
            "VoicePhone": null,
            "FaxPhone": null,
            "Contact": null,
            "PhysicalWorkLocationAddressUid": "230349668268669",
            "PhysicalWorkLocationAddress": {
                "WorkLocationAddressUid": "230349668268669",
                "CompanyId": 365439,
                "Type": "P",
                "City": "Hershey",
                "State": "PA",
                "Province": "PA",
                "Zip": "17033",
                "PostalCode": "17033",
                "Country": "USA",
                "Address1": "745 W Governor Rd ",
                "Address2": null,
                "Suite": null,
                "Latitude": "",
                "Longitude": "",
                "IsActive": true,
                "UserId": "mbanks107444",
                "DateModified": "2024-03-05T09:25:29.69",
                "County": "Dauphin",
                "Zip_4": null,
                "HRPMailingAddressUid": null,
                "UseRecommendAddress": false,
                "ZipDisplay": "17033",
                "CityDisplay": "Hershey, PA"
            },
            "IsMailSameAsPhysical": true,
            "IsSetMailSameAsPhysical": true,
            "MailingWorkLocationAddressUid": "230349668268669",
            "MailingWorkLocationAddress": {
                "WorkLocationAddressUid": "230349668268669",
                "CompanyId": 365439,
                "Type": "M",
                "City": "Hershey",
                "State": "PA",
                "Province": "PA",
                "Zip": "17033",
                "PostalCode": "17033",
                "Country": "USA",
                "Address1": "745 W Governor Rd ",
                "Address2": null,
                "Suite": null,
                "Latitude": "",
                "Longitude": "",
                "IsActive": true,
                "UserId": "mbanks107444",
                "DateModified": "2024-03-05T09:25:29.69",
                "County": "Dauphin",
                "Zip_4": null,
                "HRPMailingAddressUid": null,
                "UseRecommendAddress": false,
                "ZipDisplay": "17033",
                "CityDisplay": "Hershey, PA"
            },
            "TimeZone": null,
            "Number": null,
            "DivisionRegionCode": null,
            "FMLAEligible": true,
            "MinWageJurisdictionUid": "0",
            "Default": false,
            "UserId": "mbanks107444",
            "IsAssignedToOrganization": true,
            "TaxLookupCalled": true,
            "NameCityState": "Hershey - Hershey, PA",
            "WorkLocationTaxesNotOnClient": null,
            "HaveTaxesBeenAddedToClient": false
        },
        "Route": "/Perform/Company/WorkLocation/EditWorkLocation?HasWorkOpportunityTaxCredit=True&HasOnboardingNonPayroll=False&HasEmployeeTaxLookup=False&IsMultiClientUser=False&IsReadOnly=False&IsAccessDenied=False",
        "EditRoute": "/Perform/Company/WorkLocation/EditWorkLocation?HasWorkOpportunityTaxCredit=True&HasOnboardingNonPayroll=False&HasEmployeeTaxLookup=False&IsMultiClientUser=False&IsReadOnly=False&IsAccessDenied=False"
    },
    {
        "ShowIndicator": false,
        "Uid": "41878883495153",
        "ParentUid": null,
        "Bookmark": "41878883495153",
        "DisplayText": "Irvine",
        "Description": "Irvine",
        "Code": null,
        "IsActive": true,
        "IsParentActive": false,
        "HasDependentItems": false,
        "HasRelatedItems": false,
        "Item": {
            "WorkLocationUid": "41878883495153",
            "CompanyId": 365439,
            "Name": "Irvine",
            "StoreId": "Irvine",
            "VoicePhone": null,
            "FaxPhone": null,
            "Contact": null,
            "PhysicalWorkLocationAddressUid": "21026554728301",
            "PhysicalWorkLocationAddress": {
                "WorkLocationAddressUid": "21026554728301",
                "CompanyId": 365439,
                "Type": "P",
                "City": "Irvine",
                "State": "CA",
                "Province": "CA",
                "Zip": "92604",
                "PostalCode": "92604",
                "Country": "USA",
                "Address1": "14361 Yale Avenue",
                "Address2": null,
                "Suite": null,
                "Latitude": "33.698835",
                "Longitude": "-117.777809",
                "IsActive": true,
                "UserId": "mbanks107444",
                "DateModified": "2024-03-05T09:25:29.69",
                "County": "Orange",
                "Zip_4": null,
                "HRPMailingAddressUid": null,
                "UseRecommendAddress": false,
                "ZipDisplay": "92604",
                "CityDisplay": "Irvine, CA"
            },
            "IsMailSameAsPhysical": true,
            "IsSetMailSameAsPhysical": true,
            "MailingWorkLocationAddressUid": "21026554728301",
            "MailingWorkLocationAddress": {
                "WorkLocationAddressUid": "21026554728301",
                "CompanyId": 365439,
                "Type": "M",
                "City": "Irvine",
                "State": "CA",
                "Province": "CA",
                "Zip": "92604",
                "PostalCode": "92604",
                "Country": "USA",
                "Address1": "14361 Yale Avenue",
                "Address2": null,
                "Suite": null,
                "Latitude": "33.698835",
                "Longitude": "-117.777809",
                "IsActive": true,
                "UserId": "mbanks107444",
                "DateModified": "2024-03-05T09:25:29.69",
                "County": "Orange",
                "Zip_4": null,
                "HRPMailingAddressUid": null,
                "UseRecommendAddress": false,
                "ZipDisplay": "92604",
                "CityDisplay": "Irvine, CA"
            },
            "TimeZone": "5",
            "Number": null,
            "DivisionRegionCode": null,
            "FMLAEligible": true,
            "MinWageJurisdictionUid": "35216038148522",
            "Default": false,
            "UserId": "mbanks107444",
            "IsAssignedToOrganization": false,
            "TaxLookupCalled": true,
            "NameCityState": "Irvine - Irvine, CA",
            "WorkLocationTaxesNotOnClient": null,
            "HaveTaxesBeenAddedToClient": false
        },
        "Route": "/Perform/Company/WorkLocation/EditWorkLocation?HasWorkOpportunityTaxCredit=True&HasOnboardingNonPayroll=False&HasEmployeeTaxLookup=False&IsMultiClientUser=False&IsReadOnly=False&IsAccessDenied=False",
        "EditRoute": "/Perform/Company/WorkLocation/EditWorkLocation?HasWorkOpportunityTaxCredit=True&HasOnboardingNonPayroll=False&HasEmployeeTaxLookup=False&IsMultiClientUser=False&IsReadOnly=False&IsAccessDenied=False"
    },
    {
        "ShowIndicator": false,
        "Uid": "162027403010588",
        "ParentUid": null,
        "Bookmark": "162027403010588",
        "DisplayText": "Nashville",
        "Description": "Nashville",
        "Code": null,
        "IsActive": true,
        "IsParentActive": false,
        "HasDependentItems": false,
        "HasRelatedItems": false,
        "Item": {
            "WorkLocationUid": "162027403010588",
            "CompanyId": 365439,
            "Name": "Nashville",
            "StoreId": "Nashville",
            "VoicePhone": null,
            "FaxPhone": null,
            "Contact": null,
            "PhysicalWorkLocationAddressUid": "84117579496166",
            "PhysicalWorkLocationAddress": {
                "WorkLocationAddressUid": "84117579496166",
                "CompanyId": 365439,
                "Type": "P",
                "City": "Nashville",
                "State": "TN",
                "Province": "TN",
                "Zip": "37203",
                "PostalCode": "37203",
                "Country": "USA",
                "Address1": "1801 West End Avenue",
                "Address2": null,
                "Suite": "920",
                "Latitude": "36.15252",
                "Longitude": "-86.79603",
                "IsActive": true,
                "UserId": "mbanks342201",
                "DateModified": "2024-06-17T07:49:03.22",
                "County": "Davidson",
                "Zip_4": null,
                "HRPMailingAddressUid": null,
                "UseRecommendAddress": false,
                "ZipDisplay": "37203",
                "CityDisplay": "Nashville, TN"
            },
            "IsMailSameAsPhysical": true,
            "IsSetMailSameAsPhysical": true,
            "MailingWorkLocationAddressUid": "84117579496166",
            "MailingWorkLocationAddress": {
                "WorkLocationAddressUid": "84117579496166",
                "CompanyId": 365439,
                "Type": "M",
                "City": "Nashville",
                "State": "TN",
                "Province": "TN",
                "Zip": "37203",
                "PostalCode": "37203",
                "Country": "USA",
                "Address1": "1801 West End Avenue",
                "Address2": null,
                "Suite": "920",
                "Latitude": "36.15252",
                "Longitude": "-86.79603",
                "IsActive": true,
                "UserId": "mbanks342201",
                "DateModified": "2024-06-17T07:49:03.22",
                "County": "Davidson",
                "Zip_4": null,
                "HRPMailingAddressUid": null,
                "UseRecommendAddress": false,
                "ZipDisplay": "37203",
                "CityDisplay": "Nashville, TN"
            },
            "TimeZone": "29",
            "Number": null,
            "DivisionRegionCode": null,
            "FMLAEligible": true,
            "MinWageJurisdictionUid": "0",
            "Default": false,
            "UserId": "mbanks342201",
            "IsAssignedToOrganization": true,
            "TaxLookupCalled": true,
            "NameCityState": "Nashville - Nashville, TN",
            "WorkLocationTaxesNotOnClient": null,
            "HaveTaxesBeenAddedToClient": false
        },
        "Route": "/Perform/Company/WorkLocation/EditWorkLocation?HasWorkOpportunityTaxCredit=True&HasOnboardingNonPayroll=False&HasEmployeeTaxLookup=False&IsMultiClientUser=False&IsReadOnly=False&IsAccessDenied=False",
        "EditRoute": "/Perform/Company/WorkLocation/EditWorkLocation?HasWorkOpportunityTaxCredit=True&HasOnboardingNonPayroll=False&HasEmployeeTaxLookup=False&IsMultiClientUser=False&IsReadOnly=False&IsAccessDenied=False"
    },
    {
        "ShowIndicator": false,
        "Uid": "84389758125289",
        "ParentUid": null,
        "Bookmark": "84389758125289",
        "DisplayText": "Orlando",
        "Description": "Orlando",
        "Code": null,
        "IsActive": true,
        "IsParentActive": false,
        "HasDependentItems": false,
        "HasRelatedItems": false,
        "Item": {
            "WorkLocationUid": "84389758125289",
            "CompanyId": 365439,
            "Name": "Orlando",
            "StoreId": "Orlando",
            "VoicePhone": null,
            "FaxPhone": null,
            "Contact": null,
            "PhysicalWorkLocationAddressUid": "260149204683138",
            "PhysicalWorkLocationAddress": {
                "WorkLocationAddressUid": "260149204683138",
                "CompanyId": 365439,
                "Type": "P",
                "City": "Orlando",
                "State": "FL",
                "Province": "FL",
                "Zip": "32801",
                "PostalCode": "32801",
                "Country": "USA",
                "Address1": "225 East Robinson Street",
                "Address2": null,
                "Suite": null,
                "Latitude": "28.546161",
                "Longitude": "-81.374449",
                "IsActive": true,
                "UserId": "mbanks107444",
                "DateModified": "2024-03-05T09:25:29.69",
                "County": "Orange",
                "Zip_4": null,
                "HRPMailingAddressUid": null,
                "UseRecommendAddress": false,
                "ZipDisplay": "32801",
                "CityDisplay": "Orlando, FL"
            },
            "IsMailSameAsPhysical": true,
            "IsSetMailSameAsPhysical": true,
            "MailingWorkLocationAddressUid": "260149204683138",
            "MailingWorkLocationAddress": {
                "WorkLocationAddressUid": "260149204683138",
                "CompanyId": 365439,
                "Type": "M",
                "City": "Orlando",
                "State": "FL",
                "Province": "FL",
                "Zip": "32801",
                "PostalCode": "32801",
                "Country": "USA",
                "Address1": "225 East Robinson Street",
                "Address2": null,
                "Suite": null,
                "Latitude": "28.546161",
                "Longitude": "-81.374449",
                "IsActive": true,
                "UserId": "mbanks107444",
                "DateModified": "2024-03-05T09:25:29.69",
                "County": "Orange",
                "Zip_4": null,
                "HRPMailingAddressUid": null,
                "UseRecommendAddress": false,
                "ZipDisplay": "32801",
                "CityDisplay": "Orlando, FL"
            },
            "TimeZone": null,
            "Number": null,
            "DivisionRegionCode": null,
            "FMLAEligible": true,
            "MinWageJurisdictionUid": "0",
            "Default": false,
            "UserId": "mbanks107444",
            "IsAssignedToOrganization": true,
            "TaxLookupCalled": true,
            "NameCityState": "Orlando - Orlando, FL",
            "WorkLocationTaxesNotOnClient": null,
            "HaveTaxesBeenAddedToClient": false
        },
        "Route": "/Perform/Company/WorkLocation/EditWorkLocation?HasWorkOpportunityTaxCredit=True&HasOnboardingNonPayroll=False&HasEmployeeTaxLookup=False&IsMultiClientUser=False&IsReadOnly=False&IsAccessDenied=False",
        "EditRoute": "/Perform/Company/WorkLocation/EditWorkLocation?HasWorkOpportunityTaxCredit=True&HasOnboardingNonPayroll=False&HasEmployeeTaxLookup=False&IsMultiClientUser=False&IsReadOnly=False&IsAccessDenied=False"
    },
    {
        "ShowIndicator": false,
        "Uid": "94277892469705",
        "ParentUid": null,
        "Bookmark": "94277892469705",
        "DisplayText": "San Francisco",
        "Description": "San Francisco",
        "Code": null,
        "IsActive": true,
        "IsParentActive": false,
        "HasDependentItems": false,
        "HasRelatedItems": false,
        "Item": {
            "WorkLocationUid": "94277892469705",
            "CompanyId": 365439,
            "Name": "San Francisco",
            "StoreId": "San Francisco",
            "VoicePhone": null,
            "FaxPhone": null,
            "Contact": null,
            "PhysicalWorkLocationAddressUid": "250107552982036",
            "PhysicalWorkLocationAddress": {
                "WorkLocationAddressUid": "250107552982036",
                "CompanyId": 365439,
                "Type": "P",
                "City": "San Francisco",
                "State": "CA",
                "Province": "CA",
                "Zip": "94111",
                "PostalCode": "94111",
                "Country": "USA",
                "Address1": "505 Montgomery Street",
                "Address2": null,
                "Suite": "2300",
                "Latitude": "37.794124",
                "Longitude": "-122.403223",
                "IsActive": true,
                "UserId": "mbanks107444",
                "DateModified": "2024-03-05T09:25:29.69",
                "County": "San Francisco",
                "Zip_4": null,
                "HRPMailingAddressUid": null,
                "UseRecommendAddress": false,
                "ZipDisplay": "94111",
                "CityDisplay": "San Francisco, CA"
            },
            "IsMailSameAsPhysical": true,
            "IsSetMailSameAsPhysical": true,
            "MailingWorkLocationAddressUid": "250107552982036",
            "MailingWorkLocationAddress": {
                "WorkLocationAddressUid": "250107552982036",
                "CompanyId": 365439,
                "Type": "M",
                "City": "San Francisco",
                "State": "CA",
                "Province": "CA",
                "Zip": "94111",
                "PostalCode": "94111",
                "Country": "USA",
                "Address1": "505 Montgomery Street",
                "Address2": null,
                "Suite": "2300",
                "Latitude": "37.794124",
                "Longitude": "-122.403223",
                "IsActive": true,
                "UserId": "mbanks107444",
                "DateModified": "2024-03-05T09:25:29.69",
                "County": "San Francisco",
                "Zip_4": null,
                "HRPMailingAddressUid": null,
                "UseRecommendAddress": false,
                "ZipDisplay": "94111",
                "CityDisplay": "San Francisco, CA"
            },
            "TimeZone": null,
            "Number": null,
            "DivisionRegionCode": null,
            "FMLAEligible": true,
            "MinWageJurisdictionUid": "244956252466690",
            "Default": false,
            "UserId": "mbanks107444",
            "IsAssignedToOrganization": false,
            "TaxLookupCalled": true,
            "NameCityState": "San Francisco - San Francisco, CA",
            "WorkLocationTaxesNotOnClient": null,
            "HaveTaxesBeenAddedToClient": false
        },
        "Route": "/Perform/Company/WorkLocation/EditWorkLocation?HasWorkOpportunityTaxCredit=True&HasOnboardingNonPayroll=False&HasEmployeeTaxLookup=False&IsMultiClientUser=False&IsReadOnly=False&IsAccessDenied=False",
        "EditRoute": "/Perform/Company/WorkLocation/EditWorkLocation?HasWorkOpportunityTaxCredit=True&HasOnboardingNonPayroll=False&HasEmployeeTaxLookup=False&IsMultiClientUser=False&IsReadOnly=False&IsAccessDenied=False"
    }
]