{
  "screenName": "DataTablePage",
  "components": [
    {
      "type": "DataTable",
      "props": {
        "columns": "{[{'field':'name','headerName':'Name','width':130},{'field':'age','headerName':'Age','width':130},{'field':'location','headerName':'Location','width':130},{'field':'designation','headerName':'Designation', 'sortable': false,'width':130},]}",
        "data": "{data}",
        "initialState": "{{'sorting':{'sortModel':[{'field':'name','sort':'asc'}]}}}"
      }
    },
  ],
  "onLoadApiCalls": [
    {
      "url": "https://76649894-3f14-44cf-85a1-2e7b7408b39f.mock.pstmn.io/test",
      "method": "GET",
      "payload": {
        "pathParam": "&data=${para}",
        "body": {}
      },
      "assotiatedState": "setData"
    }
  ],
  "useStates": [
    {
      "name": "data",
      "setter":  "setData",
      "initVal": "[]"  
    }
  ],
  "apiBindings": {
    "saveUser": "/api/user/save"
  }
}
